{
    "images" : [
      {
        "idiom" : "universal",
        "filename" : "LaunchImage.png",
        "scale" : "1x"
      },
      {
        "idiom" : "universal",
        "filename" : "LaunchImage@2x.png",
        "scale" : "2x"
      },
      {
        "idiom" : "universal",
        "filename" : "LaunchImage@3x.png",
        "scale" : "3x"
      },
      {
        "idiom" : "universal",
        "filename" : "LaunchImage@4x.png",
        "scale" : "4x"
      }
    ],
    "info" : {
      "version" : 1,
      "author" : "xcode"
    }
  }